"p";"phi_real";"mensagem"
3;"0.416618118318729,0.200021881912835,0.319257525447756";"could not find function \"auto.arima\""
3;"0.238782070740126,0.18193959989585,0.227716217003763";"could not find function \"auto.arima\""
3;"0.468527457350865,0.109420400648378,0.265464571607299";"could not find function \"auto.arima\""
3;"0.32180409473367,0.199986815173179,0.450994991720654";"could not find function \"auto.arima\""
4;"0.129040296911262,0.133960762619972,0.142613464547321,0.244863132061437";"could not find function \"auto.arima\""
4;"0.477309549460188,0.142604505969211,0.123876349278726,0.25616084181238";"could not find function \"auto.arima\""
4;"0.380412918608636,0.26449012234807,0.184168153069913,0.113315134309232";"could not find function \"auto.arima\""
4;"0.13675587377511,0.253539983509108,0.120838068635203,0.450918915891089";"could not find function \"auto.arima\""
